brand_cluster,word,frequency,avg_word_sentiment,sentiment_category
Knorr,better,21,0.312,Positive
Knorr,taste,15,0.03,Neutral
Knorr,like,15,0.342,Positive
Knorr,good,12,0.53,Positive
Knorr,maggi,12,-0.166,Negative
Knorr,ones,10,0.57,Positive
Knorr,just,10,0.263,Positive
Knorr,flavor,10,0.096,Positive
Knorr,quantity,9,-0.166,Negative
Knorr,shoop,9,0.422,Positive
Knorr,buy,8,-0.1,Negative
Knorr,dont,7,0.334,Positive
Knorr,price,7,0.126,Positive
Knorr,way,6,0.162,Positive
Knorr,pakistan,6,0.454,Positive
Knorr,great,6,0.256,Positive
Knorr,maggie,6,0.183,Positive
Knorr,chatpata,5,0.272,Positive
Knorr,owned,5,0.137,Positive
Knorr,unilever,5,0.245,Positive
Competitor,better,12,0.495,Positive
Competitor,spicy,12,0.533,Positive
Competitor,like,12,0.537,Positive
Competitor,flavor,12,0.35,Positive
Competitor,add,11,0.488,Positive
Competitor,try,10,0.166,Positive
Competitor,chicken,10,0.594,Positive
Competitor,just,9,0.423,Positive
Competitor,tried,9,0.002,Neutral
Competitor,good,8,0.23,Positive
Competitor,flavour,7,0.466,Positive
Competitor,expensive,7,0.249,Positive
Competitor,available,7,0.325,Positive
Competitor,taste,7,0.483,Positive
Competitor,ones,7,0.212,Positive
Competitor,dont,6,0.05,Neutral
Competitor,flavours,6,0.359,Positive
Competitor,indomies,6,0.0,Neutral
Competitor,brand,6,0.129,Positive
Competitor,actually,6,0.253,Positive
